set_no,game_no,point_no,momentum
1,2,14,-0.2266553083454193
1,5,35,-0.1978010932850558
3,7,209,0.24971962301699713
